<?xml version="1.0"?>
<doc>
    <assembly>
        <name>GlobalHook.Core.Windows</name>
    </assembly>
    <members>
        <member name="T:GlobalHook.Core.Windows.HookBase">
            <summary>
            Base class for defining WinAPI hooks using SetWindowsHookEx.
            </summary>
        </member>
        <member name="P:GlobalHook.Core.Windows.HookBase.HookType">
            <inheritdoc cref="P:GlobalHook.Core.IHook.HookType"/>
        </member>
        <member name="P:GlobalHook.Core.Windows.HookBase.CanBeInstalled">
            <inheritdoc cref="P:GlobalHook.Core.IHook.CanBeInstalled"/>
        </member>
        <member name="P:GlobalHook.Core.Windows.HookBase.CanPreventDefault">
            <inheritdoc cref="P:GlobalHook.Core.IHook.CanPreventDefault"/>
        </member>
        <member name="P:GlobalHook.Core.Windows.HookBase.CanBeInstalledIntoProcess">
            <inheritdoc cref="P:GlobalHook.Core.IHook.CanBeInstalledIntoProcess"/>
        </member>
        <member name="P:GlobalHook.Core.Windows.HookBase.IsInstalled">
            <inheritdoc cref="P:GlobalHook.Core.IHook.IsInstalled"/>
        </member>
        <member name="E:GlobalHook.Core.Windows.HookBase.OnEvent">
            <inheritdoc cref="E:GlobalHook.Core.IHook.OnEvent"/>
        </member>
        <member name="M:GlobalHook.Core.Windows.HookBase.#ctor(System.Int32)">
            <summary>
            Using this initializer, you can determine the type of hook used as the first SetWindowsHookEx's parameter.
            </summary>
            <param name="hookId">Hook type identifier.</param>
        </member>
        <member name="M:GlobalHook.Core.Windows.HookBase.Install(System.Boolean)">
            <inheritdoc cref="M:GlobalHook.Core.IHook.Install(System.Boolean)"/>
        </member>
        <member name="M:GlobalHook.Core.Windows.HookBase.Install(System.Int64,System.Boolean)">
            <inheritdoc cref="M:GlobalHook.Core.IHook.Install(System.Int64,System.Boolean)"/>
        </member>
        <member name="M:GlobalHook.Core.Windows.HookBase.Uninstall">
            <inheritdoc cref="M:GlobalHook.Core.IHook.Uninstall"/>
        </member>
        <member name="M:GlobalHook.Core.Windows.HookBase.LowLevelHook(System.Int32,System.IntPtr,System.IntPtr)">
            <summary>
            Hook handler.
            </summary>
            <param name="nCode">HookProc nCode.</param>
            <param name="wParam">HookProc wParam.</param>
            <param name="lParam">HookProc lParam.</param>
            <returns>HookProc lResult.</returns>
        </member>
        <member name="M:GlobalHook.Core.Windows.HookBase.InvokeOnEvent(System.Object,GlobalHook.Core.IHookEventArgs)">
            <summary>
            Invokes <see cref="E:GlobalHook.Core.Windows.HookBase.OnEvent"/> if it's not <see langword="null"/>.
            </summary>
            <param name="sender">The source of the event.</param>
            <param name="e">An object that contains the event data.</param>
        </member>
        <member name="M:GlobalHook.Core.Windows.HookBase.Dispose">
            <inheritdoc cref="M:System.IDisposable.Dispose"/>
        </member>
        <member name="M:GlobalHook.Core.Windows.HookBase.Dispose(System.Boolean)">
            <inheritdoc cref="M:GlobalHook.Core.Windows.HookBase.Dispose"/>
            <param name="disposing">Indicates whether this method is called from managed code (<see langword="true"/>).</param>
        </member>
        <member name="T:GlobalHook.Core.Windows.Keyboard.KeyboardHook">
            <summary>
            Windows keyboard hook.
            </summary>
            <remarks>
            This hook can only be applied globally.<para/>
            Preventing of default actions is possible.
            </remarks>
        </member>
        <member name="P:GlobalHook.Core.Windows.Keyboard.KeyboardHook.HookType">
            <inheritdoc cref="P:GlobalHook.Core.Windows.HookBase.HookType"/>
        </member>
        <member name="P:GlobalHook.Core.Windows.Keyboard.KeyboardHook.CanBeInstalledIntoProcess">
            <inheritdoc cref="P:GlobalHook.Core.Windows.HookBase.CanBeInstalledIntoProcess"/>
        </member>
        <member name="M:GlobalHook.Core.Windows.Keyboard.KeyboardHook.#ctor">
            <summary>
            Initializes a new instance of the <see cref="T:GlobalHook.Core.Windows.Keyboard.KeyboardHook"/> class.
            </summary>
        </member>
        <member name="M:GlobalHook.Core.Windows.Keyboard.KeyboardHook.LowLevelHook(System.Int32,System.IntPtr,System.IntPtr)">
            <inheritdoc cref="M:GlobalHook.Core.Windows.HookBase.LowLevelHook(System.Int32,System.IntPtr,System.IntPtr)"/>
        </member>
        <member name="E:GlobalHook.Core.Windows.Keyboard.KeyboardHook.KeyDown">
            <inheritdoc cref="E:GlobalHook.Core.Keyboard.IKeyboardHook.KeyDown"/>
        </member>
        <member name="E:GlobalHook.Core.Windows.Keyboard.KeyboardHook.KeyUp">
            <inheritdoc cref="E:GlobalHook.Core.Keyboard.IKeyboardHook.KeyUp"/>
        </member>
        <member name="E:GlobalHook.Core.Windows.Keyboard.KeyboardHook.KeyPress">
            <inheritdoc cref="E:GlobalHook.Core.Keyboard.IKeyboardHook.KeyPress"/>
        </member>
        <member name="T:GlobalHook.Core.Windows.Mouse.MouseHook">
            <summary>
            Windows mouse hook.
            </summary>
            <remarks>
            This hook can only be applied globally.<para/>
            Movements are recorded in absolute values, preventing of default actions is possible.
            </remarks>
        </member>
        <member name="P:GlobalHook.Core.Windows.Mouse.MouseHook.HookType">
            <inheritdoc cref="P:GlobalHook.Core.Windows.HookBase.HookType"/>
        </member>
        <member name="P:GlobalHook.Core.Windows.Mouse.MouseHook.CanBeInstalledIntoProcess">
            <inheritdoc cref="P:GlobalHook.Core.Windows.HookBase.CanBeInstalledIntoProcess"/>
        </member>
        <member name="M:GlobalHook.Core.Windows.Mouse.MouseHook.#ctor">
            <summary>
            Initializes a new instance of the <see cref="T:GlobalHook.Core.Windows.Mouse.MouseHook"/> class.
            </summary>
        </member>
        <member name="M:GlobalHook.Core.Windows.Mouse.MouseHook.LowLevelHook(System.Int32,System.IntPtr,System.IntPtr)">
            <inheritdoc cref="M:GlobalHook.Core.Windows.HookBase.LowLevelHook(System.Int32,System.IntPtr,System.IntPtr)"/>
        </member>
        <member name="E:GlobalHook.Core.Windows.Mouse.MouseHook.MouseDown">
            <inheritdoc cref="E:GlobalHook.Core.Mouse.IMouseHook.MouseDown"/>
        </member>
        <member name="E:GlobalHook.Core.Windows.Mouse.MouseHook.MouseUp">
            <inheritdoc cref="E:GlobalHook.Core.Mouse.IMouseHook.MouseUp"/>
        </member>
        <member name="E:GlobalHook.Core.Windows.Mouse.MouseHook.MouseClick">
            <inheritdoc cref="E:GlobalHook.Core.Mouse.IMouseHook.MouseClick"/>
        </member>
        <member name="E:GlobalHook.Core.Windows.Mouse.MouseHook.MouseDoubleClick">
            <inheritdoc cref="E:GlobalHook.Core.Mouse.IMouseHook.MouseDoubleClick"/>
        </member>
        <member name="E:GlobalHook.Core.Windows.Mouse.MouseHook.MouseWheel">
            <inheritdoc cref="E:GlobalHook.Core.Mouse.IMouseHook.MouseWheel"/>
        </member>
        <member name="E:GlobalHook.Core.Windows.Mouse.MouseHook.MouseHorizontalWheel">
            <inheritdoc cref="E:GlobalHook.Core.Mouse.IMouseHook.MouseHorizontalWheel"/>
        </member>
        <member name="E:GlobalHook.Core.Windows.Mouse.MouseHook.MouseMove">
            <inheritdoc cref="E:GlobalHook.Core.Mouse.IMouseHook.MouseMove"/>
        </member>
        <member name="T:GlobalHook.Core.Windows.Mouse.RawMouseHook">
            <summary>
            Windows mouse hook.
            </summary>
            <remarks>
            This hook can only be applied globally.<para/>
            Movements are recorded in relative values, preventing of default actions is not possible.
            </remarks>
        </member>
        <member name="P:GlobalHook.Core.Windows.Mouse.RawMouseHook.HookType">
            <inheritdoc cref="P:GlobalHook.Core.IHook.HookType"/>
        </member>
        <member name="P:GlobalHook.Core.Windows.Mouse.RawMouseHook.CanBeInstalled">
            <inheritdoc cref="P:GlobalHook.Core.IHook.CanBeInstalled"/>
        </member>
        <member name="P:GlobalHook.Core.Windows.Mouse.RawMouseHook.CanBeInstalledIntoProcess">
            <inheritdoc cref="P:GlobalHook.Core.IHook.CanBeInstalledIntoProcess"/>
        </member>
        <member name="P:GlobalHook.Core.Windows.Mouse.RawMouseHook.CanPreventDefault">
            <inheritdoc cref="P:GlobalHook.Core.IHook.CanPreventDefault"/>
        </member>
        <member name="P:GlobalHook.Core.Windows.Mouse.RawMouseHook.IsInstalled">
            <inheritdoc cref="P:GlobalHook.Core.IHook.IsInstalled"/>
        </member>
        <member name="M:GlobalHook.Core.Windows.Mouse.RawMouseHook.Install(System.Boolean)">
            <inheritdoc cref="M:GlobalHook.Core.IHook.Install(System.Boolean)"/>
        </member>
        <member name="M:GlobalHook.Core.Windows.Mouse.RawMouseHook.Install(System.Int64,System.Boolean)">
            <inheritdoc cref="M:GlobalHook.Core.IHook.Install(System.Int64,System.Boolean)"/>
        </member>
        <member name="M:GlobalHook.Core.Windows.Mouse.RawMouseHook.Uninstall">
            <inheritdoc cref="M:GlobalHook.Core.IHook.Uninstall"/>
        </member>
        <member name="M:GlobalHook.Core.Windows.Mouse.RawMouseHook.RawHook(System.IntPtr,System.UInt32,System.IntPtr,System.IntPtr)">
            <summary>
            Hook handler.
            </summary>
            <param name="hWnd">RawHookProc hWnd.</param>
            <param name="msg">RawHookProc msg.</param>
            <param name="wParam">RawHookProc wParam.</param>
            <param name="lParam">RawHookProc lParam.</param>
            <returns>RawHookProc lResult.</returns>
        </member>
        <member name="M:GlobalHook.Core.Windows.Mouse.RawMouseHook.Dispose">
            <inheritdoc cref="M:System.IDisposable.Dispose"/>
        </member>
        <member name="M:GlobalHook.Core.Windows.Mouse.RawMouseHook.Dispose(System.Boolean)">
            <inheritdoc cref="M:GlobalHook.Core.Windows.Mouse.RawMouseHook.Dispose"/>
            <param name="disposing">Indicates whether this method is called from managed code (<see langword="true"/>).</param>
        </member>
        <member name="E:GlobalHook.Core.Windows.Mouse.RawMouseHook.OnEvent">
            <inheritdoc cref="E:GlobalHook.Core.IHook.OnEvent"/>
        </member>
        <member name="E:GlobalHook.Core.Windows.Mouse.RawMouseHook.MouseDown">
            <inheritdoc cref="E:GlobalHook.Core.Mouse.IMouseHook.MouseDown"/>
        </member>
        <member name="E:GlobalHook.Core.Windows.Mouse.RawMouseHook.MouseUp">
            <inheritdoc cref="E:GlobalHook.Core.Mouse.IMouseHook.MouseUp"/>
        </member>
        <member name="E:GlobalHook.Core.Windows.Mouse.RawMouseHook.MouseClick">
            <inheritdoc cref="E:GlobalHook.Core.Mouse.IMouseHook.MouseClick"/>
        </member>
        <member name="E:GlobalHook.Core.Windows.Mouse.RawMouseHook.MouseDoubleClick">
            <inheritdoc cref="E:GlobalHook.Core.Mouse.IMouseHook.MouseDoubleClick"/>
        </member>
        <member name="E:GlobalHook.Core.Windows.Mouse.RawMouseHook.MouseWheel">
            <inheritdoc cref="E:GlobalHook.Core.Mouse.IMouseHook.MouseWheel"/>
        </member>
        <member name="E:GlobalHook.Core.Windows.Mouse.RawMouseHook.MouseHorizontalWheel">
            <inheritdoc cref="E:GlobalHook.Core.Mouse.IMouseHook.MouseHorizontalWheel"/>
        </member>
        <member name="E:GlobalHook.Core.Windows.Mouse.RawMouseHook.MouseMove">
            <inheritdoc cref="E:GlobalHook.Core.Mouse.IMouseHook.MouseMove"/>
        </member>
    </members>
</doc>
