<?xml version="1.0"?>
<doc>
    <assembly>
        <name>GlobalHook.Core</name>
    </assembly>
    <members>
        <member name="M:GlobalHook.Core.Extensions.DelegateExtensions.Cast``1(System.Delegate)">
            <summary>
            Creates a copy of the delegate of the specified type.
            </summary>
            <typeparam name="TDelegate">New delegate type.</typeparam>
            <param name="action">Delegate to cast.</param>
            <returns>Copy of the <paramref name="action"/> of the specified type</returns>
            <remarks>
            It's a very very very evil method, but I really have no choice, sorry.
            </remarks>
            <remarks>
            https://docs.microsoft.com/en-us/dotnet/api/system.delegate.equals?view=netcore-3.1
            Delegates are equal if they are of the same type and share the same targets, methods, and invocation list.
            So there's no problem in such code:
            <![CDATA[
            MyEvent += action.Cast<MyEventType>();
            MyEvent -= action.Cast<MyEventType>();
            ]]>
            </remarks>
        </member>
        <member name="T:GlobalHook.Core.HookType">
            <summary>
            Specifies known hook types.
            </summary>
        </member>
        <member name="F:GlobalHook.Core.HookType.Mixed">
            <summary>
            Hook tracks events of several device types.
            </summary>
        </member>
        <member name="F:GlobalHook.Core.HookType.Undefined">
            <summary>
            Hook's type is undefined.
            </summary>
        </member>
        <member name="F:GlobalHook.Core.HookType.Keyboard">
            <summary>
            Hook tracks keyboard events (e.g., keystrokes).
            </summary>
        </member>
        <member name="F:GlobalHook.Core.HookType.Mouse">
            <summary>
            Hook tracks mouse events (e.g., mouse movement).
            </summary>
        </member>
        <member name="T:GlobalHook.Core.IHook">
            <summary>
            Represents a hook that can track various events depending on <see cref="P:GlobalHook.Core.IHook.HookType"/> value.
            </summary>
        </member>
        <member name="P:GlobalHook.Core.IHook.HookType">
            <summary>
            Indicates hook's type.
            </summary>
        </member>
        <member name="P:GlobalHook.Core.IHook.CanBeInstalled">
            <summary>
            Indicates whether the hook is supported by the current environment.
            </summary>
        </member>
        <member name="P:GlobalHook.Core.IHook.CanBeInstalledIntoProcess">
            <summary>
            Indicates whether the hook supports tracking a specific process.
            </summary>
        </member>
        <member name="P:GlobalHook.Core.IHook.CanPreventDefault">
            <summary>
            Indicates whether the hook supports preventing default event actions.
            </summary>
        </member>
        <member name="P:GlobalHook.Core.IHook.IsInstalled">
            <summary>
            Indicates whether the hook is currently installed.
            </summary>
        </member>
        <member name="M:GlobalHook.Core.IHook.Install(System.Boolean)">
            <summary>
            Conducts a global hook installation.
            </summary>
            <inheritdoc cref="M:GlobalHook.Core.IHook.Install(System.Int64,System.Boolean)"/>
        </member>
        <member name="M:GlobalHook.Core.IHook.Install(System.Int64,System.Boolean)">
            <summary>
            Sets the hook to track events of a specific process.
            </summary>
            <param name="processId">Identifier of the target process.</param>
            <param name="ignoreProcessHasNoWindow">
            If this parameter is <see langword="false"/>, and the current environment has no built-in message loop (e.g., the console), this method may throw an exception.
            </param>
        </member>
        <member name="M:GlobalHook.Core.IHook.Uninstall">
            <summary>
            Uninstalls hook.
            </summary>
        </member>
        <member name="E:GlobalHook.Core.IHook.OnEvent">
            <summary>
            Occurs when the hook catches suitable event.
            </summary>
        </member>
        <member name="M:GlobalHook.Core.IHook.Combine(System.Collections.Generic.IEnumerable{GlobalHook.Core.IHook})">
            <summary>
            Combines several hooks into one.
            </summary>
            <param name="hooks">Hooks to be combined.</param>
            <returns>Combined hook.</returns>
        </member>
        <member name="M:GlobalHook.Core.IHook.Combine(GlobalHook.Core.IHook[])">
            <inheritdoc cref="M:GlobalHook.Core.IHook.Combine(System.Collections.Generic.IEnumerable{GlobalHook.Core.IHook})"/>
        </member>
        <member name="M:GlobalHook.Core.IHook.Load(System.Reflection.Assembly)">
            <summary>
            Loads all hooks from the given <paramref name="assembly"/>.
            </summary>
            <param name="assembly">Assembly containing hooks.</param>
            <returns>Loaded hook instances.</returns>
        </member>
        <member name="M:GlobalHook.Core.IHook.Load(System.String,System.String,System.IO.EnumerationOptions)">
            <summary>
            Loads all hooks from DLLs in the given directory.
            </summary>
            <param name="directory">Directory containing DLLs.</param>
            <param name="searchPattern">
            The search string to match against the names of DLLs in path. This parameter
            can contain a combination of valid literal path and wildcard (* and ?) characters,
            but it doesn't support regular expressions.
            </param>
            <param name="options">File enumeration options.</param>
            <returns>Loaded hook instances.</returns>
        </member>
        <member name="M:GlobalHook.Core.IHook.Load(System.String,System.String,System.IO.SearchOption)">
            <inheritdoc cref="M:GlobalHook.Core.IHook.Load(System.String,System.String,System.IO.EnumerationOptions)"/>
        </member>
        <member name="M:GlobalHook.Core.IHook.Load(System.String,System.String)">
            <inheritdoc cref="M:GlobalHook.Core.IHook.Load(System.String,System.String,System.IO.EnumerationOptions)"/>
        </member>
        <member name="M:GlobalHook.Core.IHook.Load(System.String)">
            <summary>
            Loads all hooks from DLLs in the given directory.
            <para/>
            Loads all hooks from the given DLL filename.
            </summary>
            <param name="path">Directory containing DLLs or single DLL filename.</param>
            <returns>Loaded hook instances.</returns>
        </member>
        <member name="T:GlobalHook.Core.HookExtensions">
            <summary>
            Provides a set of static (Shared in Visual Basic) methods for managing objects that
            implement <see cref="T:GlobalHook.Core.IHook"/>.
            </summary>
        </member>
        <member name="M:GlobalHook.Core.HookExtensions.Install(GlobalHook.Core.IHook,System.Diagnostics.Process,System.Boolean)">
            <inheritdoc cref="M:GlobalHook.Core.IHook.Install(System.Int64,System.Boolean)"/>
            <param name="hook">Hook to be installed.</param>
            <param name="process">Target process.</param>
        </member>
        <member name="M:GlobalHook.Core.HookExtensions.Combine(System.Collections.Generic.IEnumerable{GlobalHook.Core.IHook})">
            <inheritdoc cref="M:GlobalHook.Core.IHook.Combine(System.Collections.Generic.IEnumerable{GlobalHook.Core.IHook})"/>
        </member>
        <member name="T:GlobalHook.Core.IHookEventArgs">
            <summary>
            Represents the base interface for classes that contain hook event data.
            </summary>
        </member>
        <member name="P:GlobalHook.Core.IHookEventArgs.DefaultPrevented">
            <summary>
            Indicates whether default event actions were prevented.
            </summary>
        </member>
        <member name="M:GlobalHook.Core.IHookEventArgs.PreventDefault">
            <summary>
            Prevents default event actions.
            </summary>
        </member>
        <member name="P:GlobalHook.Core.IHookEventArgs.CanPreventDefault">
            <summary>
            Indicates whether default event actions support preventing.
            </summary>
        </member>
        <member name="P:GlobalHook.Core.IHookEventArgs.HookType">
            <summary>
            Indicates the type of hook event.
            </summary>
        </member>
        <member name="P:GlobalHook.Core.IHookEventArgs.Time">
            <summary>
            Stores event logging time.
            </summary>
        </member>
        <member name="T:GlobalHook.Core.Keyboard.IKeyboardEventArgs">
            <summary>
            Represents the base interface for classes that contain keyboard hook event data.
            </summary>
        </member>
        <member name="P:GlobalHook.Core.Keyboard.IKeyboardEventArgs.Key">
            <summary>
            Key whose state change caused an event raising.
            </summary>
        </member>
        <member name="P:GlobalHook.Core.Keyboard.IKeyboardEventArgs.RawKey">
            <summary>
            Raw keycode.
            </summary>
        </member>
        <member name="P:GlobalHook.Core.Keyboard.IKeyboardEventArgs.KeyState">
            <summary>
            Indicates current key state.
            </summary>
        </member>
        <member name="P:GlobalHook.Core.Keyboard.IKeyboardEventArgs.KeyChar">
            <summary>
            If event was raised by character key, gets the character value.
            </summary>
        </member>
        <member name="T:GlobalHook.Core.Keyboard.IKeyboardHook">
            <summary>
            Represents the base interface for keyboard hooks.
            </summary>
        </member>
        <member name="E:GlobalHook.Core.Keyboard.IKeyboardHook.OnEvent">
            <inheritdoc cref="E:GlobalHook.Core.IHook.OnEvent"/>
        </member>
        <member name="E:GlobalHook.Core.Keyboard.IKeyboardHook.KeyDown">
            <summary>
            Occurs when a key is pressed. 
            </summary>
        </member>
        <member name="E:GlobalHook.Core.Keyboard.IKeyboardHook.KeyUp">
            <summary>
            Occurs when a key is released. 
            </summary>
        </member>
        <member name="E:GlobalHook.Core.Keyboard.IKeyboardHook.KeyPress">
            <summary>
            Occurs when a key is pressed.
            </summary>
            <remarks>
            Key events occur in the following order: 
            <list type="number">
            <item><see cref="E:GlobalHook.Core.Keyboard.IKeyboardHook.KeyDown"/></item>
            <item><see cref="E:GlobalHook.Core.Keyboard.IKeyboardHook.KeyPress"/></item>
            <item><see cref="E:GlobalHook.Core.Keyboard.IKeyboardHook.KeyUp"/></item>
            </list>
            The <see cref="E:GlobalHook.Core.Keyboard.IKeyboardHook.KeyPress"/> event is not raised by noncharacter keys; however, the noncharacter keys do raise 
            the <see cref="E:GlobalHook.Core.Keyboard.IKeyboardHook.KeyDown"/> and <see cref="E:GlobalHook.Core.Keyboard.IKeyboardHook.KeyUp"/> events. 
            Use the <see cref="P:GlobalHook.Core.Keyboard.IKeyboardEventArgs.KeyChar"/> property to sample keystrokes at run time and to consume a subset of common keystrokes. 
            </remarks>
        </member>
        <member name="T:GlobalHook.Core.Keyboard.Keys">
            <summary>
            Specifies key codes and modifiers.
            </summary>
        </member>
        <member name="F:GlobalHook.Core.Keyboard.Keys.Modifiers">
            <summary>
            The bitmask to extract modifiers from a key value.
            </summary>
        </member>
        <member name="F:GlobalHook.Core.Keyboard.Keys.None">
            <summary>
            No key pressed.
            </summary>
        </member>
        <member name="F:GlobalHook.Core.Keyboard.Keys.LButton">
            <summary>
            The left mouse button.
            </summary>
        </member>
        <member name="F:GlobalHook.Core.Keyboard.Keys.RButton">
            <summary>
            The right mouse button.
            </summary>
        </member>
        <member name="F:GlobalHook.Core.Keyboard.Keys.Cancel">
            <summary>
            The CANCEL key.
            </summary>
        </member>
        <member name="F:GlobalHook.Core.Keyboard.Keys.MButton">
            <summary>
            The middle mouse button (three-button mouse).
            </summary>
        </member>
        <member name="F:GlobalHook.Core.Keyboard.Keys.XButton1">
            <summary>
            The first x mouse button (five-button mouse).
            </summary>
        </member>
        <member name="F:GlobalHook.Core.Keyboard.Keys.XButton2">
            <summary>
            The second x mouse button (five-button mouse).
            </summary>
        </member>
        <member name="F:GlobalHook.Core.Keyboard.Keys.Back">
            <summary>
            The BACKSPACE key.
            </summary>
        </member>
        <member name="F:GlobalHook.Core.Keyboard.Keys.Tab">
            <summary>
            The TAB key.
            </summary>
        </member>
        <member name="F:GlobalHook.Core.Keyboard.Keys.LineFeed">
            <summary>
            The LINEFEED key.
            </summary>
        </member>
        <member name="F:GlobalHook.Core.Keyboard.Keys.Clear">
            <summary>
            The CLEAR key.
            </summary>
        </member>
        <member name="F:GlobalHook.Core.Keyboard.Keys.Return">
            <summary>
            The RETURN (ENTER) key.
            </summary>
        </member>
        <member name="F:GlobalHook.Core.Keyboard.Keys.Enter">
            <summary>
            The ENTER key.
            </summary>
        </member>
        <member name="F:GlobalHook.Core.Keyboard.Keys.ShiftKey">
            <summary>
            The SHIFT key.
            </summary>
        </member>
        <member name="F:GlobalHook.Core.Keyboard.Keys.ControlKey">
            <summary>
            The CTRL key.
            </summary>
        </member>
        <member name="F:GlobalHook.Core.Keyboard.Keys.Menu">
            <summary>
            The ALT key.
            </summary>
        </member>
        <member name="F:GlobalHook.Core.Keyboard.Keys.AltKey">
            <summary>
            The ALT key.
            </summary>
        </member>
        <member name="F:GlobalHook.Core.Keyboard.Keys.Pause">
            <summary>
            The PAUSE key.
            </summary>
        </member>
        <member name="F:GlobalHook.Core.Keyboard.Keys.Capital">
            <summary>
            The CAPS LOCK key.
            </summary>
        </member>
        <member name="F:GlobalHook.Core.Keyboard.Keys.CapsLock">
            <summary>
            The CAPS LOCK key.
            </summary>
        </member>
        <member name="F:GlobalHook.Core.Keyboard.Keys.KanaMode">
            <summary>
            The IME Kana mode key.
            </summary>
        </member>
        <member name="F:GlobalHook.Core.Keyboard.Keys.HanguelMode">
            <summary>
            The IME Hanguel mode key. (maintained for compatibility; use HangulMode)
            </summary>
        </member>
        <member name="F:GlobalHook.Core.Keyboard.Keys.HangulMode">
            <summary>
            The IME Hangul mode key.
            </summary>
        </member>
        <member name="F:GlobalHook.Core.Keyboard.Keys.JunjaMode">
            <summary>
            The IME Junja mode key.
            </summary>
        </member>
        <member name="F:GlobalHook.Core.Keyboard.Keys.FinalMode">
            <summary>
            The IME final mode key.
            </summary>
        </member>
        <member name="F:GlobalHook.Core.Keyboard.Keys.HanjaMode">
            <summary>
            The IME Hanja mode key.
            </summary>
        </member>
        <member name="F:GlobalHook.Core.Keyboard.Keys.KanjiMode">
            <summary>
            The IME Kanji mode key.
            </summary>
        </member>
        <member name="F:GlobalHook.Core.Keyboard.Keys.Escape">
            <summary>
            The ESC key.
            </summary>
        </member>
        <member name="F:GlobalHook.Core.Keyboard.Keys.IMEConvert">
            <summary>
            The IME convert key.
            </summary>
        </member>
        <member name="F:GlobalHook.Core.Keyboard.Keys.IMENonconvert">
            <summary>
            The IME nonconvert key.
            </summary>
        </member>
        <member name="F:GlobalHook.Core.Keyboard.Keys.IMEAccept">
            <summary>
            The IME accept key, replaces System.Windows.Forms.Keys.IMEAceept.
            </summary>
        </member>
        <member name="F:GlobalHook.Core.Keyboard.Keys.IMEAceept">
            <summary>
            The IME accept key. Obsolete, use System.Windows.Forms.Keys.IMEAccept instead.
            </summary>
        </member>
        <member name="F:GlobalHook.Core.Keyboard.Keys.IMEModeChange">
            <summary>
            The IME mode change key.
            </summary>
        </member>
        <member name="F:GlobalHook.Core.Keyboard.Keys.Space">
            <summary>
            The SPACEBAR key.
            </summary>
        </member>
        <member name="F:GlobalHook.Core.Keyboard.Keys.Prior">
            <summary>
            The PAGE UP key.
            </summary>
        </member>
        <member name="F:GlobalHook.Core.Keyboard.Keys.PageUp">
            <summary>
            The PAGE UP key.
            </summary>
        </member>
        <member name="F:GlobalHook.Core.Keyboard.Keys.Next">
            <summary>
            The PAGE DOWN key.
            </summary>
        </member>
        <member name="F:GlobalHook.Core.Keyboard.Keys.PageDown">
            <summary>
            The PAGE DOWN key.
            </summary>
        </member>
        <member name="F:GlobalHook.Core.Keyboard.Keys.End">
            <summary>
            The END key.
            </summary>
        </member>
        <member name="F:GlobalHook.Core.Keyboard.Keys.Home">
            <summary>
            The HOME key.
            </summary>
        </member>
        <member name="F:GlobalHook.Core.Keyboard.Keys.Left">
            <summary>
            The LEFT ARROW key.
            </summary>
        </member>
        <member name="F:GlobalHook.Core.Keyboard.Keys.Up">
            <summary>
            The UP ARROW key.
            </summary>
        </member>
        <member name="F:GlobalHook.Core.Keyboard.Keys.Right">
            <summary>
            The RIGHT ARROW key.
            </summary>
        </member>
        <member name="F:GlobalHook.Core.Keyboard.Keys.Down">
            <summary>
            The DOWN ARROW key.
            </summary>
        </member>
        <member name="F:GlobalHook.Core.Keyboard.Keys.Select">
            <summary>
            The SELECT key.
            </summary>
        </member>
        <member name="F:GlobalHook.Core.Keyboard.Keys.Print">
            <summary>
            The PRINT key.
            </summary>
        </member>
        <member name="F:GlobalHook.Core.Keyboard.Keys.Execute">
            <summary>
            The EXECUTE key.
            </summary>
        </member>
        <member name="F:GlobalHook.Core.Keyboard.Keys.Snapshot">
            <summary>
            The PRINT SCREEN key.
            </summary>
        </member>
        <member name="F:GlobalHook.Core.Keyboard.Keys.PrintScreen">
            <summary>
            The PRINT SCREEN key.
            </summary>
        </member>
        <member name="F:GlobalHook.Core.Keyboard.Keys.Insert">
            <summary>
            The INS key.
            </summary>
        </member>
        <member name="F:GlobalHook.Core.Keyboard.Keys.Delete">
            <summary>
            The DEL key.
            </summary>
        </member>
        <member name="F:GlobalHook.Core.Keyboard.Keys.Help">
            <summary>
            The HELP key.
            </summary>
        </member>
        <member name="F:GlobalHook.Core.Keyboard.Keys.D0">
            <summary>
            The 0 key.
            </summary>
        </member>
        <member name="F:GlobalHook.Core.Keyboard.Keys.D1">
            <summary>
            The 1 key.
            </summary>
        </member>
        <member name="F:GlobalHook.Core.Keyboard.Keys.D2">
            <summary>
            The 2 key.
            </summary>
        </member>
        <member name="F:GlobalHook.Core.Keyboard.Keys.D3">
            <summary>
            The 3 key.
            </summary>
        </member>
        <member name="F:GlobalHook.Core.Keyboard.Keys.D4">
            <summary>
            The 4 key.
            </summary>
        </member>
        <member name="F:GlobalHook.Core.Keyboard.Keys.D5">
            <summary>
            The 5 key.
            </summary>
        </member>
        <member name="F:GlobalHook.Core.Keyboard.Keys.D6">
            <summary>
            The 6 key.
            </summary>
        </member>
        <member name="F:GlobalHook.Core.Keyboard.Keys.D7">
            <summary>
            The 7 key.
            </summary>
        </member>
        <member name="F:GlobalHook.Core.Keyboard.Keys.D8">
            <summary>
            The 8 key.
            </summary>
        </member>
        <member name="F:GlobalHook.Core.Keyboard.Keys.D9">
            <summary>
            The 9 key.
            </summary>
        </member>
        <member name="F:GlobalHook.Core.Keyboard.Keys.A">
            <summary>
            The A key.
            </summary>
        </member>
        <member name="F:GlobalHook.Core.Keyboard.Keys.B">
            <summary>
            The B key.
            </summary>
        </member>
        <member name="F:GlobalHook.Core.Keyboard.Keys.C">
            <summary>
            The C key.
            </summary>
        </member>
        <member name="F:GlobalHook.Core.Keyboard.Keys.D">
            <summary>
            The D key.
            </summary>
        </member>
        <member name="F:GlobalHook.Core.Keyboard.Keys.E">
            <summary>
            The E key.
            </summary>
        </member>
        <member name="F:GlobalHook.Core.Keyboard.Keys.F">
            <summary>
            The F key.
            </summary>
        </member>
        <member name="F:GlobalHook.Core.Keyboard.Keys.G">
            <summary>
            The G key.
            </summary>
        </member>
        <member name="F:GlobalHook.Core.Keyboard.Keys.H">
            <summary>
            The H key.
            </summary>
        </member>
        <member name="F:GlobalHook.Core.Keyboard.Keys.I">
            <summary>
            The I key.
            </summary>
        </member>
        <member name="F:GlobalHook.Core.Keyboard.Keys.J">
            <summary>
            The J key.
            </summary>
        </member>
        <member name="F:GlobalHook.Core.Keyboard.Keys.K">
            <summary>
            The K key.
            </summary>
        </member>
        <member name="F:GlobalHook.Core.Keyboard.Keys.L">
            <summary>
            The L key.
            </summary>
        </member>
        <member name="F:GlobalHook.Core.Keyboard.Keys.M">
            <summary>
            The M key.
            </summary>
        </member>
        <member name="F:GlobalHook.Core.Keyboard.Keys.N">
            <summary>
            The N key.
            </summary>
        </member>
        <member name="F:GlobalHook.Core.Keyboard.Keys.O">
            <summary>
            The O key.
            </summary>
        </member>
        <member name="F:GlobalHook.Core.Keyboard.Keys.P">
            <summary>
            The P key.
            </summary>
        </member>
        <member name="F:GlobalHook.Core.Keyboard.Keys.Q">
            <summary>
            The Q key.
            </summary>
        </member>
        <member name="F:GlobalHook.Core.Keyboard.Keys.R">
            <summary>
            The R key.
            </summary>
        </member>
        <member name="F:GlobalHook.Core.Keyboard.Keys.S">
            <summary>
            The S key.
            </summary>
        </member>
        <member name="F:GlobalHook.Core.Keyboard.Keys.T">
            <summary>
            The T key.
            </summary>
        </member>
        <member name="F:GlobalHook.Core.Keyboard.Keys.U">
            <summary>
            The U key.
            </summary>
        </member>
        <member name="F:GlobalHook.Core.Keyboard.Keys.V">
            <summary>
            The V key.
            </summary>
        </member>
        <member name="F:GlobalHook.Core.Keyboard.Keys.W">
            <summary>
            The W key.
            </summary>
        </member>
        <member name="F:GlobalHook.Core.Keyboard.Keys.X">
            <summary>
            The X key.
            </summary>
        </member>
        <member name="F:GlobalHook.Core.Keyboard.Keys.Y">
            <summary>
            The Y key.
            </summary>
        </member>
        <member name="F:GlobalHook.Core.Keyboard.Keys.Z">
            <summary>
            The Z key.
            </summary>
        </member>
        <member name="F:GlobalHook.Core.Keyboard.Keys.LWin">
            <summary>
            The left Windows logo key (Microsoft Natural Keyboard).
            </summary>
        </member>
        <member name="F:GlobalHook.Core.Keyboard.Keys.RWin">
            <summary>
            The right Windows logo key (Microsoft Natural Keyboard).
            </summary>
        </member>
        <member name="F:GlobalHook.Core.Keyboard.Keys.Apps">
            <summary>
            The application key (Microsoft Natural Keyboard).
            </summary>
        </member>
        <member name="F:GlobalHook.Core.Keyboard.Keys.Sleep">
            <summary>
            The computer sleep key.
            </summary>
        </member>
        <member name="F:GlobalHook.Core.Keyboard.Keys.NumPad0">
            <summary>
            The 0 key on the numeric keypad.
            </summary>
        </member>
        <member name="F:GlobalHook.Core.Keyboard.Keys.NumPad1">
            <summary>
            The 1 key on the numeric keypad.
            </summary>
        </member>
        <member name="F:GlobalHook.Core.Keyboard.Keys.NumPad2">
            <summary>
            The 2 key on the numeric keypad.
            </summary>
        </member>
        <member name="F:GlobalHook.Core.Keyboard.Keys.NumPad3">
            <summary>
            The 3 key on the numeric keypad.
            </summary>
        </member>
        <member name="F:GlobalHook.Core.Keyboard.Keys.NumPad4">
            <summary>
            The 4 key on the numeric keypad.
            </summary>
        </member>
        <member name="F:GlobalHook.Core.Keyboard.Keys.NumPad5">
            <summary>
            The 5 key on the numeric keypad.
            </summary>
        </member>
        <member name="F:GlobalHook.Core.Keyboard.Keys.NumPad6">
            <summary>
            The 6 key on the numeric keypad.
            </summary>
        </member>
        <member name="F:GlobalHook.Core.Keyboard.Keys.NumPad7">
            <summary>
            The 7 key on the numeric keypad.
            </summary>
        </member>
        <member name="F:GlobalHook.Core.Keyboard.Keys.NumPad8">
            <summary>
            The 8 key on the numeric keypad.
            </summary>
        </member>
        <member name="F:GlobalHook.Core.Keyboard.Keys.NumPad9">
            <summary>
            The 9 key on the numeric keypad.
            </summary>
        </member>
        <member name="F:GlobalHook.Core.Keyboard.Keys.Multiply">
            <summary>
            The multiply key.
            </summary>
        </member>
        <member name="F:GlobalHook.Core.Keyboard.Keys.Add">
            <summary>
            The add key.
            </summary>
        </member>
        <member name="F:GlobalHook.Core.Keyboard.Keys.Separator">
            <summary>
            The separator key.
            </summary>
        </member>
        <member name="F:GlobalHook.Core.Keyboard.Keys.Subtract">
            <summary>
            The subtract key.
            </summary>
        </member>
        <member name="F:GlobalHook.Core.Keyboard.Keys.Decimal">
            <summary>
            The decimal key.
            </summary>
        </member>
        <member name="F:GlobalHook.Core.Keyboard.Keys.Divide">
            <summary>
            The divide key.
            </summary>
        </member>
        <member name="F:GlobalHook.Core.Keyboard.Keys.F1">
            <summary>
            The F1 key.
            </summary>
        </member>
        <member name="F:GlobalHook.Core.Keyboard.Keys.F2">
            <summary>
            The F2 key.
            </summary>
        </member>
        <member name="F:GlobalHook.Core.Keyboard.Keys.F3">
            <summary>
            The F3 key.
            </summary>
        </member>
        <member name="F:GlobalHook.Core.Keyboard.Keys.F4">
            <summary>
            The F4 key.
            </summary>
        </member>
        <member name="F:GlobalHook.Core.Keyboard.Keys.F5">
            <summary>
            The F5 key.
            </summary>
        </member>
        <member name="F:GlobalHook.Core.Keyboard.Keys.F6">
            <summary>
            The F6 key.
            </summary>
        </member>
        <member name="F:GlobalHook.Core.Keyboard.Keys.F7">
            <summary>
            The F7 key.
            </summary>
        </member>
        <member name="F:GlobalHook.Core.Keyboard.Keys.F8">
            <summary>
            The F8 key.
            </summary>
        </member>
        <member name="F:GlobalHook.Core.Keyboard.Keys.F9">
            <summary>
            The F9 key.
            </summary>
        </member>
        <member name="F:GlobalHook.Core.Keyboard.Keys.F10">
            <summary>
            The F10 key.
            </summary>
        </member>
        <member name="F:GlobalHook.Core.Keyboard.Keys.F11">
            <summary>
            The F11 key.
            </summary>
        </member>
        <member name="F:GlobalHook.Core.Keyboard.Keys.F12">
            <summary>
            The F12 key.
            </summary>
        </member>
        <member name="F:GlobalHook.Core.Keyboard.Keys.F13">
            <summary>
            The F13 key.
            </summary>
        </member>
        <member name="F:GlobalHook.Core.Keyboard.Keys.F14">
            <summary>
            The F14 key.
            </summary>
        </member>
        <member name="F:GlobalHook.Core.Keyboard.Keys.F15">
            <summary>
            The F15 key.
            </summary>
        </member>
        <member name="F:GlobalHook.Core.Keyboard.Keys.F16">
            <summary>
            The F16 key.
            </summary>
        </member>
        <member name="F:GlobalHook.Core.Keyboard.Keys.F17">
            <summary>
            The F17 key.
            </summary>
        </member>
        <member name="F:GlobalHook.Core.Keyboard.Keys.F18">
            <summary>
            The F18 key.
            </summary>
        </member>
        <member name="F:GlobalHook.Core.Keyboard.Keys.F19">
            <summary>
            The F19 key.
            </summary>
        </member>
        <member name="F:GlobalHook.Core.Keyboard.Keys.F20">
            <summary>
            The F20 key.
            </summary>
        </member>
        <member name="F:GlobalHook.Core.Keyboard.Keys.F21">
            <summary>
            The F21 key.
            </summary>
        </member>
        <member name="F:GlobalHook.Core.Keyboard.Keys.F22">
            <summary>
            The F22 key.
            </summary>
        </member>
        <member name="F:GlobalHook.Core.Keyboard.Keys.F23">
            <summary>
            The F23 key.
            </summary>
        </member>
        <member name="F:GlobalHook.Core.Keyboard.Keys.F24">
            <summary>
            The F24 key.
            </summary>
        </member>
        <member name="F:GlobalHook.Core.Keyboard.Keys.NumLock">
            <summary>
            The NUM LOCK key.
            </summary>
        </member>
        <member name="F:GlobalHook.Core.Keyboard.Keys.Scroll">
            <summary>
            The SCROLL LOCK key.
            </summary>
        </member>
        <member name="F:GlobalHook.Core.Keyboard.Keys.LShiftKey">
            <summary>
            The left SHIFT key.
            </summary>
        </member>
        <member name="F:GlobalHook.Core.Keyboard.Keys.RShiftKey">
            <summary>
            The right SHIFT key.
            </summary>
        </member>
        <member name="F:GlobalHook.Core.Keyboard.Keys.LControlKey">
            <summary>
            The left CTRL key.
            </summary>
        </member>
        <member name="F:GlobalHook.Core.Keyboard.Keys.RControlKey">
            <summary>
            The right CTRL key.
            </summary>
        </member>
        <member name="F:GlobalHook.Core.Keyboard.Keys.LMenu">
            <summary>
            The left ALT key.
            </summary>
        </member>
        <member name="F:GlobalHook.Core.Keyboard.Keys.RMenu">
            <summary>
            The right ALT key.
            </summary>
        </member>
        <member name="F:GlobalHook.Core.Keyboard.Keys.BrowserBack">
            <summary>
            The browser back key (Windows 2000 or later).
            </summary>
        </member>
        <member name="F:GlobalHook.Core.Keyboard.Keys.BrowserForward">
            <summary>
            The browser forward key (Windows 2000 or later).
            </summary>
        </member>
        <member name="F:GlobalHook.Core.Keyboard.Keys.BrowserRefresh">
            <summary>
            The browser refresh key (Windows 2000 or later).
            </summary>
        </member>
        <member name="F:GlobalHook.Core.Keyboard.Keys.BrowserStop">
            <summary>
            The browser stop key (Windows 2000 or later).
            </summary>
        </member>
        <member name="F:GlobalHook.Core.Keyboard.Keys.BrowserSearch">
            <summary>
            The browser search key (Windows 2000 or later).
            </summary>
        </member>
        <member name="F:GlobalHook.Core.Keyboard.Keys.BrowserFavorites">
            <summary>
            The browser favorites key (Windows 2000 or later).
            </summary>
        </member>
        <member name="F:GlobalHook.Core.Keyboard.Keys.BrowserHome">
            <summary>
            The browser home key (Windows 2000 or later).
            </summary>
        </member>
        <member name="F:GlobalHook.Core.Keyboard.Keys.VolumeMute">
            <summary>
            The volume mute key (Windows 2000 or later).
            </summary>
        </member>
        <member name="F:GlobalHook.Core.Keyboard.Keys.VolumeDown">
            <summary>
            The volume down key (Windows 2000 or later).
            </summary>
        </member>
        <member name="F:GlobalHook.Core.Keyboard.Keys.VolumeUp">
            <summary>
            The volume up key (Windows 2000 or later).
            </summary>
        </member>
        <member name="F:GlobalHook.Core.Keyboard.Keys.MediaNextTrack">
            <summary>
            The media next track key (Windows 2000 or later).
            </summary>
        </member>
        <member name="F:GlobalHook.Core.Keyboard.Keys.MediaPreviousTrack">
            <summary>
            The media previous track key (Windows 2000 or later).
            </summary>
        </member>
        <member name="F:GlobalHook.Core.Keyboard.Keys.MediaStop">
            <summary>
            The media Stop key (Windows 2000 or later).
            </summary>
        </member>
        <member name="F:GlobalHook.Core.Keyboard.Keys.MediaPlayPause">
            <summary>
            The media play pause key (Windows 2000 or later).
            </summary>
        </member>
        <member name="F:GlobalHook.Core.Keyboard.Keys.LaunchMail">
            <summary>
            The launch mail key (Windows 2000 or later).
            </summary>
        </member>
        <member name="F:GlobalHook.Core.Keyboard.Keys.SelectMedia">
            <summary>
            The select media key (Windows 2000 or later).
            </summary>
        </member>
        <member name="F:GlobalHook.Core.Keyboard.Keys.LaunchApplication1">
            <summary>
            The start application one key (Windows 2000 or later).
            </summary>
        </member>
        <member name="F:GlobalHook.Core.Keyboard.Keys.LaunchApplication2">
            <summary>
            The start application two key (Windows 2000 or later).
            </summary>
        </member>
        <member name="F:GlobalHook.Core.Keyboard.Keys.OemSemicolon">
            <summary>
            The OEM Semicolon key on a US standard keyboard (Windows 2000 or later).
            </summary>
        </member>
        <member name="F:GlobalHook.Core.Keyboard.Keys.Oem1">
            <summary>
            The OEM 1 key.
            </summary>
        </member>
        <member name="F:GlobalHook.Core.Keyboard.Keys.Oemplus">
            <summary>
            The OEM plus key on any country/region keyboard (Windows 2000 or later).
            </summary>
        </member>
        <member name="F:GlobalHook.Core.Keyboard.Keys.Oemcomma">
            <summary>
            The OEM comma key on any country/region keyboard (Windows 2000 or later).
            </summary>
        </member>
        <member name="F:GlobalHook.Core.Keyboard.Keys.OemMinus">
            <summary>
            The OEM minus key on any country/region keyboard (Windows 2000 or later).
            </summary>
        </member>
        <member name="F:GlobalHook.Core.Keyboard.Keys.OemPeriod">
            <summary>
            The OEM period key on any country/region keyboard (Windows 2000 or later).
            </summary>
        </member>
        <member name="F:GlobalHook.Core.Keyboard.Keys.OemQuestion">
            <summary>
            The OEM question mark key on a US standard keyboard (Windows 2000 or later).
            </summary>
        </member>
        <member name="F:GlobalHook.Core.Keyboard.Keys.Oem2">
            <summary>
            The OEM 2 key.
            </summary>
        </member>
        <member name="F:GlobalHook.Core.Keyboard.Keys.Oemtilde">
            <summary>
            The OEM tilde key on a US standard keyboard (Windows 2000 or later).
            </summary>
        </member>
        <member name="F:GlobalHook.Core.Keyboard.Keys.Oem3">
            <summary>
            The OEM 3 key.
            </summary>
        </member>
        <member name="F:GlobalHook.Core.Keyboard.Keys.OemOpenBrackets">
            <summary>
            The OEM open bracket key on a US standard keyboard (Windows 2000 or later).
            </summary>
        </member>
        <member name="F:GlobalHook.Core.Keyboard.Keys.Oem4">
            <summary>
            The OEM 4 key.
            </summary>
        </member>
        <member name="F:GlobalHook.Core.Keyboard.Keys.OemPipe">
            <summary>
            The OEM pipe key on a US standard keyboard (Windows 2000 or later).
            </summary>
        </member>
        <member name="F:GlobalHook.Core.Keyboard.Keys.Oem5">
            <summary>
            The OEM 5 key.
            </summary>
        </member>
        <member name="F:GlobalHook.Core.Keyboard.Keys.OemCloseBrackets">
            <summary>
            The OEM close bracket key on a US standard keyboard (Windows 2000 or later).
            </summary>
        </member>
        <member name="F:GlobalHook.Core.Keyboard.Keys.Oem6">
            <summary>
            The OEM 6 key.
            </summary>
        </member>
        <member name="F:GlobalHook.Core.Keyboard.Keys.OemQuotes">
            <summary>
            The OEM singled/double quote key on a US standard keyboard (Windows 2000 or later).
            </summary>
        </member>
        <member name="F:GlobalHook.Core.Keyboard.Keys.Oem7">
            <summary>
            The OEM 7 key.
            </summary>
        </member>
        <member name="F:GlobalHook.Core.Keyboard.Keys.Oem8">
            <summary>
            The OEM 8 key.
            </summary>
        </member>
        <member name="F:GlobalHook.Core.Keyboard.Keys.OemBackslash">
            <summary>
            The OEM angle bracket or backslash key on the RT 102 key keyboard (Windows 2000
            </summary>
        </member>
        <member name="F:GlobalHook.Core.Keyboard.Keys.Oem102">
            <summary>
            The OEM 102 key.
            </summary>
        </member>
        <member name="F:GlobalHook.Core.Keyboard.Keys.ProcessKey">
            <summary>
            The PROCESS KEY key.
            </summary>
        </member>
        <member name="F:GlobalHook.Core.Keyboard.Keys.Packet">
            <summary>
            Used to pass Unicode characters as if they were keystrokes. The Packet key value
            </summary>
        </member>
        <member name="F:GlobalHook.Core.Keyboard.Keys.Attn">
            <summary>
            The ATTN key.
            </summary>
        </member>
        <member name="F:GlobalHook.Core.Keyboard.Keys.Crsel">
            <summary>
            The CRSEL key.
            </summary>
        </member>
        <member name="F:GlobalHook.Core.Keyboard.Keys.Exsel">
            <summary>
            The EXSEL key.
            </summary>
        </member>
        <member name="F:GlobalHook.Core.Keyboard.Keys.EraseEof">
            <summary>
            The ERASE EOF key.
            </summary>
        </member>
        <member name="F:GlobalHook.Core.Keyboard.Keys.Play">
            <summary>
            The PLAY key.
            </summary>
        </member>
        <member name="F:GlobalHook.Core.Keyboard.Keys.Zoom">
            <summary>
            The ZOOM key.
            </summary>
        </member>
        <member name="F:GlobalHook.Core.Keyboard.Keys.NoName">
            <summary>
            A constant reserved for future use.
            </summary>
        </member>
        <member name="F:GlobalHook.Core.Keyboard.Keys.Pa1">
            <summary>
            The PA1 key.
            </summary>
        </member>
        <member name="F:GlobalHook.Core.Keyboard.Keys.OemClear">
            <summary>
            The CLEAR key.
            </summary>
        </member>
        <member name="F:GlobalHook.Core.Keyboard.Keys.KeyCode">
            <summary>
            The bitmask to extract a key code from a key value.
            </summary>
        </member>
        <member name="F:GlobalHook.Core.Keyboard.Keys.Shift">
            <summary>
            The SHIFT modifier key.
            </summary>
        </member>
        <member name="F:GlobalHook.Core.Keyboard.Keys.Control">
            <summary>
            The CTRL modifier key.
            </summary>
        </member>
        <member name="F:GlobalHook.Core.Keyboard.Keys.Alt">
            <summary>
            The ALT modifier key.
            </summary>
        </member>
        <member name="T:GlobalHook.Core.Keyboard.KeysExtensions">
            <summary>
            Provides a set of static (Shared in Visual Basic) methods for <see cref="T:GlobalHook.Core.Keyboard.Keys"/> values.
            </summary>
        </member>
        <member name="M:GlobalHook.Core.Keyboard.KeysExtensions.HasFlags(GlobalHook.Core.Keyboard.Keys,GlobalHook.Core.Keyboard.Keys[])">
            <summary>
            Determines whether given bit fields are set in the given instance.
            </summary>
            <param name="key"><see cref="T:GlobalHook.Core.Keyboard.Keys"/> instance.</param>
            <param name="keys">An enumeration values.</param>
            <returns>
            <see langword="true"/> if the <paramref name="keys"/> are set in the
            given instance; otherwise, <see langword="false"/>.
            </returns>
        </member>
        <member name="T:GlobalHook.Core.Keyboard.KeyState">
            <summary>
            Specifies available key states.
            </summary>
        </member>
        <member name="F:GlobalHook.Core.Keyboard.KeyState.None">
            <summary>
            Key state is undefined.
            </summary>
        </member>
        <member name="F:GlobalHook.Core.Keyboard.KeyState.Down">
            <summary>
            Key is down.
            </summary>
        </member>
        <member name="F:GlobalHook.Core.Keyboard.KeyState.Up">
            <summary>
            Key is up.
            </summary>
        </member>
        <member name="F:GlobalHook.Core.Keyboard.KeyState.SysDown">
            <summary>
            System key is down.
            </summary>
        </member>
        <member name="F:GlobalHook.Core.Keyboard.KeyState.SysUp">
            <summary>
            System key is up.
            </summary>
        </member>
        <member name="T:GlobalHook.Core.Keyboard.KeyStateExtensions">
            <summary>
            Provides a set of static (Shared in Visual Basic) methods for <see cref="T:GlobalHook.Core.Keyboard.KeyState"/> values.
            </summary>
        </member>
        <member name="M:GlobalHook.Core.Keyboard.KeyStateExtensions.IsUp(GlobalHook.Core.Keyboard.KeyState)">
            <summary>
            Checks if the given <see cref="T:GlobalHook.Core.Keyboard.KeyState"/> instance represents a key that is currently up.
            </summary>
            <param name="state"><see cref="T:GlobalHook.Core.Keyboard.KeyState"/> instance.</param>
            <returns>
            <see langword="true"/> if key is up; otherwise, <see langword="false"/>.
            </returns>
        </member>
        <member name="M:GlobalHook.Core.Keyboard.KeyStateExtensions.IsDown(GlobalHook.Core.Keyboard.KeyState)">
            <summary>
            Checks if the given <see cref="T:GlobalHook.Core.Keyboard.KeyState"/> instance represents a key that is currently down.
            </summary>
            <param name="state"><see cref="T:GlobalHook.Core.Keyboard.KeyState"/> instance.</param>
            <returns>
            <see langword="true"/> if key is down; otherwise, <see langword="false"/>.
            </returns>
        </member>
        <member name="T:GlobalHook.Core.MessageLoop.IMessageLoop">
            <summary>
            Represents the system message processing loop required to receive messages from hooks.
            </summary>
        </member>
        <member name="P:GlobalHook.Core.MessageLoop.IMessageLoop.CanBeRunned">
            <summary>
            Indicates whether this message loop can be started in the current environment.
            </summary>
        </member>
        <member name="M:GlobalHook.Core.MessageLoop.IMessageLoop.Run(System.Collections.Generic.IEnumerable{GlobalHook.Core.IHook},System.Int64,System.Func{System.Boolean,System.Boolean})">
            <summary>
            The message loop must be started in the main thread.
            It locks the thread, automatically installs hooks (<see cref="M:GlobalHook.Core.IHook.Install(System.Boolean)"/>) at startup 
            and uninstalls them (<see cref="M:GlobalHook.Core.IHook.Uninstall"/>) after it's finished.
            </summary>
            <param name="hooks">Hooks to be launched.</param>
            <param name="processId">The identifier of the target process.</param>
            <param name="goOnPredicate">
            Callback that indicates whether to continue (<see langword="true"/>) the message loop.
            <para/>
            Its parameter describes whether an exit from the loop itself has been requested.
            </param>
        </member>
        <member name="M:GlobalHook.Core.MessageLoop.IMessageLoop.Run(System.Collections.Generic.IEnumerable{GlobalHook.Core.IHook},System.Func{System.Boolean,System.Boolean})">
            <inheritdoc cref="M:GlobalHook.Core.MessageLoop.IMessageLoop.Run(System.Collections.Generic.IEnumerable{GlobalHook.Core.IHook},System.Int64,System.Func{System.Boolean,System.Boolean})"/>
        </member>
        <member name="E:GlobalHook.Core.MessageLoop.IMessageLoop.OnEvent">
            <summary>
            This is an aggregated event for all running hooks.
            </summary>
        </member>
        <member name="M:GlobalHook.Core.MessageLoop.IMessageLoop.Load(System.Reflection.Assembly)">
            <summary>
            Loads all message loops from the given <paramref name="assembly"/>.
            </summary>
            <param name="assembly">Assembly containing message loops.</param>
            <returns>Loaded message loop instances.</returns>
        </member>
        <member name="M:GlobalHook.Core.MessageLoop.IMessageLoop.Load(System.String,System.String,System.IO.EnumerationOptions)">
            <summary>
            Loads all message loops from DLLs in the given directory.
            </summary>
            <param name="directory">Directory containing DLLs.</param>
            <param name="searchPattern">
            The search string to match against the names of DLLs in path. This parameter
            can contain a combination of valid literal path and wildcard (* and ?) characters,
            but it doesn't support regular expressions.
            </param>
            <param name="options">File enumeration options.</param>
            <returns>Loaded message loops instances.</returns>
        </member>
        <member name="M:GlobalHook.Core.MessageLoop.IMessageLoop.Load(System.String,System.String,System.IO.SearchOption)">
            <inheritdoc cref="M:GlobalHook.Core.MessageLoop.IMessageLoop.Load(System.String,System.String,System.IO.EnumerationOptions)"/>
        </member>
        <member name="M:GlobalHook.Core.MessageLoop.IMessageLoop.Load(System.String,System.String)">
            <inheritdoc cref="M:GlobalHook.Core.MessageLoop.IMessageLoop.Load(System.String,System.String,System.IO.EnumerationOptions)"/>
        </member>
        <member name="M:GlobalHook.Core.MessageLoop.IMessageLoop.Load(System.String)">
            <summary>
            Loads all message loops from DLLs in the given directory.
            <para/>
            Loads all message loops from the given DLL filename.
            </summary>
            <param name="path">Directory containing DLLs or single DLL filename.</param>
            <returns>Loaded message loops instances.</returns>
        </member>
        <member name="T:GlobalHook.Core.MessageLoop.MessageLoopExtensions">
            <summary>
            Provides a set of static (Shared in Visual Basic) methods for managing objects that
            implement <see cref="T:GlobalHook.Core.MessageLoop.IMessageLoop"/>.
            </summary>
        </member>
        <member name="M:GlobalHook.Core.MessageLoop.MessageLoopExtensions.Run(GlobalHook.Core.MessageLoop.IMessageLoop,System.Int64,System.Func{System.Boolean,System.Boolean},GlobalHook.Core.IHook[])">
            <inheritdoc cref="M:GlobalHook.Core.MessageLoop.IMessageLoop.Run(System.Collections.Generic.IEnumerable{GlobalHook.Core.IHook},System.Func{System.Boolean,System.Boolean})"/>
            <param name="loop">Message loop instance.</param>
            <param name="process">Target process.</param>
        </member>
        <member name="M:GlobalHook.Core.MessageLoop.MessageLoopExtensions.Run(GlobalHook.Core.MessageLoop.IMessageLoop,System.Diagnostics.Process,System.Func{System.Boolean,System.Boolean},GlobalHook.Core.IHook[])">
            <inheritdoc cref="M:GlobalHook.Core.MessageLoop.MessageLoopExtensions.Run(GlobalHook.Core.MessageLoop.IMessageLoop,System.Int64,System.Func{System.Boolean,System.Boolean},GlobalHook.Core.IHook[])"/>
        </member>
        <member name="M:GlobalHook.Core.MessageLoop.MessageLoopExtensions.Run(GlobalHook.Core.MessageLoop.IMessageLoop,System.Func{System.Boolean,System.Boolean},GlobalHook.Core.IHook[])">
            <inheritdoc cref="M:GlobalHook.Core.MessageLoop.MessageLoopExtensions.Run(GlobalHook.Core.MessageLoop.IMessageLoop,System.Int64,System.Func{System.Boolean,System.Boolean},GlobalHook.Core.IHook[])"/>
        </member>
        <member name="M:GlobalHook.Core.MessageLoop.MessageLoopExtensions.Run(GlobalHook.Core.MessageLoop.IMessageLoop,System.Collections.Generic.IEnumerable{GlobalHook.Core.IHook},System.Int64,System.Threading.CancellationToken)">
            <inheritdoc cref="M:GlobalHook.Core.MessageLoop.MessageLoopExtensions.Run(GlobalHook.Core.MessageLoop.IMessageLoop,System.Int64,System.Func{System.Boolean,System.Boolean},GlobalHook.Core.IHook[])"/>
            <param name="cancellationToken">The message <paramref name="loop"/> will be stopped immediately after the cancel request for this token.</param>
        </member>
        <member name="M:GlobalHook.Core.MessageLoop.MessageLoopExtensions.Run(GlobalHook.Core.MessageLoop.IMessageLoop,System.Collections.Generic.IEnumerable{GlobalHook.Core.IHook},System.Diagnostics.Process,System.Threading.CancellationToken)">
            <inheritdoc cref="M:GlobalHook.Core.MessageLoop.MessageLoopExtensions.Run(GlobalHook.Core.MessageLoop.IMessageLoop,System.Collections.Generic.IEnumerable{GlobalHook.Core.IHook},System.Int64,System.Threading.CancellationToken)"/>
        </member>
        <member name="M:GlobalHook.Core.MessageLoop.MessageLoopExtensions.Run(GlobalHook.Core.MessageLoop.IMessageLoop,System.Collections.Generic.IEnumerable{GlobalHook.Core.IHook},System.Threading.CancellationToken)">
            <inheritdoc cref="M:GlobalHook.Core.MessageLoop.MessageLoopExtensions.Run(GlobalHook.Core.MessageLoop.IMessageLoop,System.Collections.Generic.IEnumerable{GlobalHook.Core.IHook},System.Int64,System.Threading.CancellationToken)"/>
        </member>
        <member name="M:GlobalHook.Core.MessageLoop.MessageLoopExtensions.Run(GlobalHook.Core.MessageLoop.IMessageLoop,System.Int64,System.Threading.CancellationToken,GlobalHook.Core.IHook[])">
            <inheritdoc cref="M:GlobalHook.Core.MessageLoop.MessageLoopExtensions.Run(GlobalHook.Core.MessageLoop.IMessageLoop,System.Collections.Generic.IEnumerable{GlobalHook.Core.IHook},System.Int64,System.Threading.CancellationToken)"/>
        </member>
        <member name="M:GlobalHook.Core.MessageLoop.MessageLoopExtensions.Run(GlobalHook.Core.MessageLoop.IMessageLoop,System.Diagnostics.Process,System.Threading.CancellationToken,GlobalHook.Core.IHook[])">
            <inheritdoc cref="M:GlobalHook.Core.MessageLoop.MessageLoopExtensions.Run(GlobalHook.Core.MessageLoop.IMessageLoop,System.Int64,System.Threading.CancellationToken,GlobalHook.Core.IHook[])"/>
        </member>
        <member name="M:GlobalHook.Core.MessageLoop.MessageLoopExtensions.Run(GlobalHook.Core.MessageLoop.IMessageLoop,System.Threading.CancellationToken,GlobalHook.Core.IHook[])">
            <inheritdoc cref="M:GlobalHook.Core.MessageLoop.MessageLoopExtensions.Run(GlobalHook.Core.MessageLoop.IMessageLoop,System.Collections.Generic.IEnumerable{GlobalHook.Core.IHook},System.Int64,System.Threading.CancellationToken)"/>
        </member>
        <member name="M:GlobalHook.Core.MessageLoop.MessageLoopExtensions.Run(GlobalHook.Core.MessageLoop.IMessageLoop,System.Int64,GlobalHook.Core.IHook[])">
            <inheritdoc cref="M:GlobalHook.Core.MessageLoop.MessageLoopExtensions.Run(GlobalHook.Core.MessageLoop.IMessageLoop,System.Int64,System.Func{System.Boolean,System.Boolean},GlobalHook.Core.IHook[])"/>
        </member>
        <member name="M:GlobalHook.Core.MessageLoop.MessageLoopExtensions.Run(GlobalHook.Core.MessageLoop.IMessageLoop,System.Diagnostics.Process,GlobalHook.Core.IHook[])">
            <inheritdoc cref="M:GlobalHook.Core.MessageLoop.MessageLoopExtensions.Run(GlobalHook.Core.MessageLoop.IMessageLoop,System.Int64,GlobalHook.Core.IHook[])"/>
        </member>
        <member name="M:GlobalHook.Core.MessageLoop.MessageLoopExtensions.Run(GlobalHook.Core.MessageLoop.IMessageLoop,System.Collections.Generic.IEnumerable{GlobalHook.Core.IHook},System.Int64)">
            <inheritdoc cref="M:GlobalHook.Core.MessageLoop.MessageLoopExtensions.Run(GlobalHook.Core.MessageLoop.IMessageLoop,System.Int64,System.Func{System.Boolean,System.Boolean},GlobalHook.Core.IHook[])"/>
        </member>
        <member name="M:GlobalHook.Core.MessageLoop.MessageLoopExtensions.Run(GlobalHook.Core.MessageLoop.IMessageLoop,System.Collections.Generic.IEnumerable{GlobalHook.Core.IHook},System.Diagnostics.Process)">
            <inheritdoc cref="M:GlobalHook.Core.MessageLoop.MessageLoopExtensions.Run(GlobalHook.Core.MessageLoop.IMessageLoop,System.Collections.Generic.IEnumerable{GlobalHook.Core.IHook},System.Int64)"/>
        </member>
        <member name="M:GlobalHook.Core.MessageLoop.MessageLoopExtensions.Run(GlobalHook.Core.MessageLoop.IMessageLoop,GlobalHook.Core.IHook[])">
            <inheritdoc cref="M:GlobalHook.Core.MessageLoop.MessageLoopExtensions.Run(GlobalHook.Core.MessageLoop.IMessageLoop,System.Int64,System.Func{System.Boolean,System.Boolean},GlobalHook.Core.IHook[])"/>
        </member>
        <member name="M:GlobalHook.Core.MessageLoop.MessageLoopExtensions.Run(GlobalHook.Core.MessageLoop.IMessageLoop,System.Collections.Generic.IEnumerable{GlobalHook.Core.IHook})">
            <inheritdoc cref="M:GlobalHook.Core.MessageLoop.MessageLoopExtensions.Run(GlobalHook.Core.MessageLoop.IMessageLoop,System.Int64,System.Func{System.Boolean,System.Boolean},GlobalHook.Core.IHook[])"/>
        </member>
        <member name="T:GlobalHook.Core.Mouse.IMouseEventArgs">
            <summary>
            Represents the base interface for classes that contain mouse hook event data.
            </summary>
        </member>
        <member name="P:GlobalHook.Core.Mouse.IMouseEventArgs.MouseEventType">
            <summary>
            Indicates which mouse action caused an event raising.
            </summary>
        </member>
        <member name="P:GlobalHook.Core.Mouse.IMouseEventArgs.Coords">
            <summary>
            Cursor position or movement (see <see cref="P:GlobalHook.Core.Mouse.IPoint.IsRelative"/>). 
            </summary>
        </member>
        <member name="P:GlobalHook.Core.Mouse.IMouseEventArgs.Delta">
            <summary>
            Wheel delta.
            </summary>
        </member>
        <member name="P:GlobalHook.Core.Mouse.IMouseEventArgs.Key">
            <summary>
            Indicates which mouse button was pressed or released.
            </summary>
        </member>
        <member name="P:GlobalHook.Core.Mouse.IMouseEventArgs.KeyState">
            <summary>
            Indicates current mouse button state.
            </summary>
        </member>
        <member name="P:GlobalHook.Core.Mouse.IMouseEventArgs.IsDoubleClick">
            <summary>
            If <para/>
            <see cref="P:GlobalHook.Core.Mouse.IMouseEventArgs.MouseEventType"/> == <see cref="F:GlobalHook.Core.Mouse.MouseEventType.Key"/>,<para/>
            <see cref="P:GlobalHook.Core.Mouse.IMouseEventArgs.Key"/> == <see cref="F:GlobalHook.Core.Mouse.MouseButtons.Left"/> and<para/>
            <see cref="P:GlobalHook.Core.Mouse.IMouseEventArgs.KeyState"/> == <see cref="F:GlobalHook.Core.Keyboard.KeyState.Down"/>,<para/>
            then this property indicates whether the click was second in a row.
            </summary>
        </member>
        <member name="T:GlobalHook.Core.Mouse.IMouseHook">
            <summary>
            Represents the base interface for mouse hooks.
            </summary>
        </member>
        <member name="E:GlobalHook.Core.Mouse.IMouseHook.OnEvent">
            <inheritdoc cref="E:GlobalHook.Core.IHook.OnEvent"/>
        </member>
        <member name="E:GlobalHook.Core.Mouse.IMouseHook.MouseDown">
            <summary>
            Occurs when a mouse button is pressed. 
            </summary>
        </member>
        <member name="E:GlobalHook.Core.Mouse.IMouseHook.MouseUp">
            <summary>
            Occurs when a mouse button is released. 
            </summary>
        </member>
        <member name="E:GlobalHook.Core.Mouse.IMouseHook.MouseClick">
            <summary>
            Occurs when a click was performed by the mouse. 
            </summary>
            <remarks>
            Mouse events occur in the following order: 
            <list type="number">
            <item><see cref="E:GlobalHook.Core.Mouse.IMouseHook.MouseDown"/></item>
            <item><see cref="E:GlobalHook.Core.Mouse.IMouseHook.MouseClick"/></item>
            <item><see cref="E:GlobalHook.Core.Mouse.IMouseHook.MouseUp"/></item>
            </list>
            </remarks>
        </member>
        <member name="E:GlobalHook.Core.Mouse.IMouseHook.MouseDoubleClick">
            <summary>
            Occurs when a left click was second in a row. 
            </summary>
            <remarks>
            Mouse events occur in the following order: 
            <list type="number">
            <item><see cref="E:GlobalHook.Core.Mouse.IMouseHook.MouseDown"/></item>
            <item><see cref="E:GlobalHook.Core.Mouse.IMouseHook.MouseClick"/></item>
            <item><see cref="E:GlobalHook.Core.Mouse.IMouseHook.MouseDoubleClick"/></item>
            <item><see cref="E:GlobalHook.Core.Mouse.IMouseHook.MouseUp"/></item>
            </list>
            </remarks>
        </member>
        <member name="E:GlobalHook.Core.Mouse.IMouseHook.MouseWheel">
            <summary>
            Occurs when a mouse wheel rotates. 
            </summary>
        </member>
        <member name="E:GlobalHook.Core.Mouse.IMouseHook.MouseHorizontalWheel">
            <summary>
            Occurs when a mouse horizontal scroll wheel is tilted or rotated.
            </summary>
        </member>
        <member name="E:GlobalHook.Core.Mouse.IMouseHook.MouseMove">
            <summary>
            Occurs when the mouse moves. 
            </summary>
        </member>
        <member name="T:GlobalHook.Core.Mouse.IPoint">
            <summary>
            Represents an ordered pair of integer x- and y-coordinates that defines a point
            or a movement vector in a two-dimensional plane.
            </summary>
        </member>
        <member name="P:GlobalHook.Core.Mouse.IPoint.X">
            <summary>
            Gets the x-coordinate of <see cref="T:GlobalHook.Core.Mouse.IPoint"/>.
            </summary>
        </member>
        <member name="P:GlobalHook.Core.Mouse.IPoint.Y">
            <summary>
            Gets the y-coordinate of <see cref="T:GlobalHook.Core.Mouse.IPoint"/>.
            </summary>
        </member>
        <member name="P:GlobalHook.Core.Mouse.IPoint.IsRelative">
            <summary>
            Gets the value that indicates whether the current instance is
            a point (<see langword="false"/>) or
            a movement vector (<see langword="true"/>).
            </summary>
        </member>
        <member name="T:GlobalHook.Core.Mouse.MouseButtons">
            <summary>
            Specifies constants that define which mouse button was pressed.
            </summary>
        </member>
        <member name="F:GlobalHook.Core.Mouse.MouseButtons.None">
            <summary>
            No mouse button was pressed.
            </summary>
        </member>
        <member name="F:GlobalHook.Core.Mouse.MouseButtons.Left">
            <summary>
            The left mouse button was pressed.
            </summary>
        </member>
        <member name="F:GlobalHook.Core.Mouse.MouseButtons.Right">
            <summary>
            The right mouse button was pressed.
            </summary>
        </member>
        <member name="F:GlobalHook.Core.Mouse.MouseButtons.Middle">
            <summary>
            The middle mouse button was pressed.
            </summary>
        </member>
        <member name="F:GlobalHook.Core.Mouse.MouseButtons.Wheel">
            <summary>
            The middle mouse button was pressed.
            </summary>
        </member>
        <member name="F:GlobalHook.Core.Mouse.MouseButtons.XButton1">
            <summary>
            The first XButton (XBUTTON1) on Microsoft IntelliMouse Explorer was pressed.
            </summary>
        </member>
        <member name="F:GlobalHook.Core.Mouse.MouseButtons.XButton2">
            <summary>
            The second XButton (XBUTTON2) on Microsoft IntelliMouse Explorer was pressed.
            </summary>
        </member>
        <member name="T:GlobalHook.Core.Mouse.MouseEventType">
            <summary>
            Specifies known mouse actions.
            </summary>
        </member>
        <member name="F:GlobalHook.Core.Mouse.MouseEventType.None">
            <summary>
            Mouse event type is undefined.
            </summary>
        </member>
        <member name="F:GlobalHook.Core.Mouse.MouseEventType.Key">
            <summary>
            Mouse button was pressed.
            </summary>
        </member>
        <member name="F:GlobalHook.Core.Mouse.MouseEventType.Wheel">
            <summary>
            Mouse wheel was rotated.
            </summary>
        </member>
        <member name="F:GlobalHook.Core.Mouse.MouseEventType.HorizontalWheel">
            <summary>
            Mouse horizontal wheel was rotated.
            </summary>
        </member>
        <member name="F:GlobalHook.Core.Mouse.MouseEventType.Movement">
            <summary>
            Mouse was moved.
            </summary>
        </member>
    </members>
</doc>
